
[
    { "id": 1, "text": "Run 5km" },
    { "id": 2, "text": "Do 50 push-ups" },
    { "id": 3, "text": "Complete 20 burpees" },
    { "id": 4, "text": "Walk 10,000 steps today" },
    { "id": 5, "text": "Hold a plank for 2 minutes" },
    { "id": 6, "text": "Do 100 squats" },
    { "id": 7, "text": "Cycle for 10km" },
    { "id": 8, "text": "Swim for 30 minutes" },
    { "id": 9, "text": "Jump rope for 5 minutes" },
    { "id": 10, "text": "Do 20 lunges per leg" },
    { "id": 11, "text": "Stretch for 15 minutes" },
    { "id": 12, "text": "Try a yoga session for 30 minutes" },
    { "id": 13, "text": "Do 25 pull-ups" },
    { "id": 14, "text": "Go for a hike" },
    { "id": 15, "text": "Complete a 7-minute HIIT workout" },
    { "id": 16, "text": "Play a game of tennis or badminton" },
    { "id": 17, "text": "Run up and down stairs for 10 minutes" },
    { "id": 18, "text": "Do 50 jumping jacks" },
    { "id": 19, "text": "Try 10 handstand push-ups" },
    { "id": 20, "text": "Row for 2km" },
    { "id": 21, "text": "Do 30 tricep dips" },
    { "id": 22, "text": "Take a 1-hour walk outdoors" },
    { "id": 23, "text": "Perform 10 single-leg squats per leg" },
    { "id": 24, "text": "Run 3km at your fastest pace" },
    { "id": 25, "text": "Do 5 minutes of shadowboxing" },
    { "id": 26, "text": "Dance for 20 minutes" },
    { "id": 27, "text": "Do 30 kettlebell swings" },
    { "id": 28, "text": "Complete a 5-minute wall sit" },
    { "id": 29, "text": "Try a Pilates workout for 20 minutes" },
    { "id": 30, "text": "Do 15 box jumps" },
    { "id": 31, "text": "Climb 20 flights of stairs" },
    { "id": 32, "text": "Perform 30 bicycle crunches" },
    { "id": 33, "text": "Go kayaking or canoeing for 1 hour" },
    { "id": 34, "text": "Do 20 side lunges per leg" },
    { "id": 35, "text": "Hold a side plank for 1 minute per side" },
    { "id": 36, "text": "Do 10 minutes of core exercises" },
    { "id": 37, "text": "Run a total of 10km this week" },
    { "id": 38, "text": "Complete a 1-hour outdoor workout" },
    { "id": 39, "text": "Play basketball for 30 minutes" },
    { "id": 40, "text": "Perform 20 overhead presses" },
    { "id": 41, "text": "Swim 500 meters without stopping" },
    { "id": 42, "text": "Do 15 burpee pull-ups" },
    { "id": 43, "text": "Try a Zumba class" },
    { "id": 44, "text": "Do 100 mountain climbers" },
    { "id": 45, "text": "Run intervals: 5x 1-minute sprints with rest" },
    { "id": 46, "text": "Do a 10-minute cooldown stretch session" },
    { "id": 47, "text": "Try 15 overhead squats with a broomstick" },
    { "id": 48, "text": "Perform 3 sets of 10 deadlifts" },
    { "id": 49, "text": "Walk or jog on a trail for 45 minutes" },
    { "id": 50, "text": "Do 30 seconds of high knees, 3 times" }
]
